date,title,link
2026.07.19,第7節試合結果 VS むさしのFC lost,news_011.html
2026.07.05,第6節試合結果 VS TTAFF 3-1 won,news_010.html
2026.06.09,第5節試合結果 VS FORTUNA TOKYO 2-3 lose,news_009.html
2026.06.03,東京ユナイテッドFC＋PLUSの沿革,news_008.html
2026.05.24,第4節試合結果 VS シティFC. 2-2 draw,news_007.html
2026.05.10,第3節試合結果 VS SCUDETTO 1-1 draw,news_005.html
2026.04.19,第2節試合結果 VS B.Y.FC 2-0 win,news_004.html
2026.03.23,第1節試合結果 VS FC.Japheego! 2-1 win,news_003.html
2026.03.02,小田寛貴選手の2026年選手登録継続のお知らせ,news_002.html
2026.03.02,東京ユナイテッドFCプラス応援幕の紹介,news_006.html
2026.03.02,新加入選手のお知らせ,news_001.html

